<?xml version="1.0" encoding="UTF-8"?>
<JACKCodeRoot>
<Entity CodeFileURI="file:/home/rhys/workspace/AOPD-Ass1/src/rmit/ai/clima/jackagt/capabilities/InfoReporting.cap" ID="72961" name="InfoReporting"/>
<Entity CodeFileURI="file:/home/rhys/workspace/AOPD-Ass1/src/rmit/ai/clima/jackagt/plans/StartSimulation.plan" ID="36097" name="StartSimulation"/>
<Entity CodeFileURI="file:/home/ssardina/workspace/RACT-JACKAGT-AOPD10/src/rmit/ai/clima/jackagt/data/CurrentStatus.bel" ID="243713" name="CurrentStatus"/>
<Entity DataFields="int numGold" DataType="NumGold" ID="304641" name="bel_numCarryingGold"/>
<Entity DataFields="int xCoord, int yCoord" DataType="CellEmpty" ID="23297" name="bel_cellEmpty" package=""/>
<Entity CodeFileURI="file:/home/rhys/workspace/AOPD-Ass1/src/rmit/ai/clima/jackagt/capabilities/GameSyncing.cap" ID="35329" name="GameSyncing"/>
<Entity DataType="CurrentStatus" ID="242945" name="bel_tea"/>
<Entity ID="10497" name="request-action XML"/>
<Entity DataFields="boolean debugConsole, boolean debugGUI" DataType="CurrentStatus" ID="34561" name="bel_currentStatus" package=""/>
<Entity CodeFileURI="file:/home/rhys/workspace/AOPD-Ass1/src/rmit/ai/clima/jackagt/plans/BeliefReporting.plan" ID="46593" name="BeliefReporting"/>
<Entity CodeFileURI="file:/home/rhys/workspace/AOPD-Ass1/src/rmit/ai/clima/jackagt/events/EAct.event" ID="33793" name="EAct"/>
<Entity DataFields="int posX, int posY" DataType="CurrentPosition" ID="290305" name="bel_currentPosition"/>
<Entity CodeFileURI="file:/home/rhys/workspace/AOPD-Ass1/src/rmit/ai/clima/jackagt/agents/Player.agent" ID="20993" name="Player"/>
<Entity CodeFileURI="file:/home/rhys/workspace/AOPD-Ass1/src/rmit/ai/clima/jackagt/plans/FinishGame.plan" ID="45057" name="FinishGame"/>
<Entity ID="252673" name="LastActionSentBel" package="rmit.ai.clima.iface.LastActionSentBel"/>
<Entity ID="32257" name="ClimaTalking"/>
<Entity ID="7425" name="mouse-click"/>
<Entity CodeFileURI="file:/home/rhys/workspace/AOPD-Ass1/src/rmit/ai/clima/jackagt/data/BAgentNumbers.bel" ID="275969" name="BAgentNumbers"/>
<Entity DataFields="String agentName, int agentNo" DataType="BAgentNumbers" ID="275201" name="bel_agentNumbers"/>
<Entity ID="5121" name="sim-end XML"/>
<Entity CodeFileURI="file:/home/rhys/workspace/AOPD-Ass1/src/rmit/ai/clima/jackagt/plans/Coord_EndGame.plan" ID="53249" name="Coord_EndGame"/>
<Entity DataFields="int agentNum, int step" DataType="GUICurrentStep" ID="28417" name="bel_GUICurrentStep"/>
<Entity CodeFileURI="file:/home/rhys/workspace/AOPD-Ass1/src/rmit/ai/clima/jackagt/events/MESimStart.event" ID="40449" name="MESimStart"/>
<Entity CodeFileURI="file:/home/rhys/workspace/AOPD-Ass1/src/rmit/ai/clima/jackagt/events/MESimEnd.event" ID="39681" name="MESimEnd"/>
<Entity DataType="LastActionSentBel" ID="26881" name="bel_lastActionSent" package="rmit.ai.clima.iface.LastActionSentBel"/>
<Entity CodeFileURI="file:/home/rhys/workspace/AOPD-Ass1/src/rmit/ai/clima/jackagt/data/NumGold.bel" ID="307457" name="NumGold"/>
<Entity DataType="Timer" ID="25345" name="clima_timer" package="aos.util.timer.Timer"/>
<Entity CodeFileURI="file:/home/rhys/workspace/AOPD-Ass1/src/rmit/ai/clima/jackagt/plans/UpdateCellsAround.plan" ID="49409" name="UpdateCellsAround"/>
<Entity CodeFileURI="file:/home/rhys/workspace/AOPD-Ass1/src/rmit/ai/clima/jackagt/data/SimulationProp.bel" ID="159233" name="SimulationProp"/>
<Entity CodeFileURI="file:/home/rhys/workspace/AOPD-Ass1/src/rmit/ai/clima/jackagt/plans/GUIUpdateCell.plan" ID="61441" name="GUIUpdateCell"/>
<Entity CodeFileURI="file:/home/rhys/workspace/AOPD-Ass1/src/rmit/ai/clima/jackagt/events/MEInformAgentStatus.event" ID="36609" name="MEInformAgentStatus"/>
<Entity DataFields="int id, int step" DataType="CurrentRequestActionId" ID="23809" name="bel_currentRequestActionId"/>
<Entity CodeFileURI="file:/home/rhys/workspace/AOPD-Ass1/src/rmit/ai/clima/jackagt/data/CurrentPosition.bel" ID="291585" name="CurrentPosition"/>
<Entity CodeFileURI="file:/home/ssardina/workspace/RACT-JACKAGT-GOLD-NPDT/src/rmit/ai/clima/jackagt/events/TellClimaServer.event" ID="47105" name="TellClimaServer" package="rmit.ai.clima.iface"/>
<Entity CodeFileURI="file:/home/rhys/workspace/AOPD-Ass1/src/rmit/ai/clima/jackagt/capabilities/ActionDecision.cap" ID="70401" name="ActionDecision"/>
<Entity CodeFileURI="file:/home/rhys/workspace/AOPD-Ass1/src/rmit/ai/clima/jackagt/events/ECellChange.event" ID="82433" name="ECellChange"/>
<Entity CodeFileURI="file:/home/rhys/workspace/AOPD-Ass1/src/rmit/ai/clima/jackagt/events/MEGameEnd.event" ID="45569" name="MEGameEnd"/>
<Entity ID="252417" name="Semaphore" package="aos.jack.util.thread.Semaphore"/>
<Entity CodeFileURI="file:/home/rhys/workspace/AOPD-Ass1/src/rmit/ai/clima/jackagt/plans/GUIUpdateAgentLoc.plan" ID="56833" name="GUIUpdateAgentLoc"/>
<Entity CodeFileURI="file:/home/rhys/workspace/AOPD-Ass1/src/rmit/ai/clima/jackagt/agents/Coordinator.agent" ID="19969" name="Coordinator"/>
<Entity CodeFileURI="file:/home/rhys/workspace/AOPD-Ass1/src/rmit/ai/clima/jackagt/plans/FinishSimulation.plan" ID="30465" name="FinishSimulation"/>
<Entity CodeFileURI="file:/home/rhys/workspace/AOPD-Ass1/src/rmit/ai/clima/jackagt/plans/SendActionAndWait.plan" ID="42497" name="SendActionAndWait"/>
<Entity CodeFileURI="file:/home/rhys/workspace/AOPD-Ass1/src/rmit/ai/clima/jackagt/plans/PickGold.plan" ID="311041" name="PickGold"/>
<Entity CodeFileURI="file:/home/ssardina/workspace/RACT-JACKAGT-GOLD-NPDT/src/rmit/ai/clima/jackagt/events/PerceiveClimaServer.event" ID="29697" name="PerceiveClimaServer" package="rmit.ai.clima.iface.PerceiveClimaServer"/>
<Entity DataType="Map" ID="28929" name="bel_map"/>
<Entity CodeFileURI="file:/home/rhys/workspace/AOPD-Ass1/src/rmit/ai/clima/jackagt/events/EShowBeliefs.event" ID="40961" name="EShowBeliefs"/>
<Entity CodeFileURI="file:/home/rhys/workspace/AOPD-Ass1/src/rmit/ai/clima/jackagt/data/GoldAt.bel" ID="296705" name="GoldAt"/>
<Entity DataFields="int xCoord, int yCoord, int id" DataType="GoldAt" ID="27393" name="bel_goldAt"/>
<Entity DataFields="int xCoord, int yCoord" DataType="GoldAt" ID="295937" name="bel_goldAt"/>
<Entity ID="2561" name="sim-start XML"/>
<Entity CodeFileURI="file:/home/rhys/workspace/AOPD-Ass1/src/rmit/ai/clima/jackagt/plans/GUIReportMessage.plan" ID="63489" name="GUIReportMessage"/>
<Entity CodeFileURI="file:/home/rhys/workspace/AOPD-Ass1/src/rmit/ai/clima/jackagt/plans/ReportCurrentPositionChange.plan" ID="320001" name="ReportCurrentPositionChange"/>
<Entity CodeFileURI="file:/home/rhys/workspace/AOPD-Ass1/src/rmit/ai/clima/jackagt/plans/GUIClose.plan" ID="62721" name="GUIClose"/>
<Entity DataFields="int gridX, int gridY, int depotX, int depotY, int noSteps" DataType="SimulationProp" ID="25857" name="bel_simulationProp"/>
<Entity CodeFileURI="file:/home/rhys/workspace/AOPD-Ass1/src/rmit/ai/clima/jackagt/events/MEInformCellStatus.event" ID="37889" name="MEInformCellStatus"/>
<Entity CodeFileURI="file:/home/rhys/workspace/AOPD-Ass1/src/rmit/ai/clima/jackagt/capabilities/GamePlaying.cap" ID="37121" name="GamePlaying"/>
<Entity DataFields="int xCoord, int yCoord" DataType="CurrentPosition" ID="24321" name="bel_currentPosition"/>
<Entity CodeFileURI="file:/home/rhys/workspace/AOPD-Ass1/src/rmit/ai/clima/jackagt/events/EGUIDebugMessage.event" ID="48385" name="EGUIDebugMessage"/>
<Entity CodeFileURI="file:/home/ssardina/workspace/RACT-JACKAGT-GOLD-NPDT/src/rmit/ai/clima/jackagt/data/Timer.bel" ID="255233" name="Timer" package="aos.util.timer.Timer"/>
<Entity CodeFileURI="file:/home/rhys/workspace/AOPD-Ass1/src/rmit/ai/clima/jackagt/data/GUICurrentStep.bel" ID="155905" name="GUICurrentStep"/>
<Entity CodeFileURI="file:/home/rhys/workspace/AOPD-Ass1/src/rmit/ai/clima/jackagt/events/EUpdateBel.event" ID="33281" name="EUpdateBel"/>
<Entity CodeFileURI="file:/home/rhys/workspace/AOPD-Ass1/src/rmit/ai/clima/jackagt/data/CurrentRequestActionId.bel" ID="106241" name="CurrentRequestActionId"/>
<Entity CodeFileURI="file:/home/rhys/workspace/AOPD-Ass1/src/rmit/ai/clima/jackagt/capabilities/GUIUpdateCapability.cap" ID="57345" name="GUIUpdateCapability"/>
<Entity ID="8449" name="bye XML"/>
<Entity CodeFileURI="file:/home/rhys/workspace/AOPD-Ass1/src/rmit/ai/clima/jackagt/events/EStart.event" ID="44545" name="EStart"/>
<Entity CodeFileURI="file:/home/rhys/workspace/AOPD-Ass1/src/rmit/ai/clima/jackagt/data/CellEmpty.bel" ID="153601" name="CellEmpty"/>
<Entity CodeFileURI="file:/home/rhys/workspace/AOPD-Ass1/src/rmit/ai/clima/jackagt/agents/GUIAgent.agent" ID="18945" name="GUIAgent"/>
<Entity CodeFileURI="file:/home/rhys/workspace/AOPD-Ass1/src/rmit/ai/clima/jackagt/plans/ConsoleBeliefPrinting.plan" ID="43009" name="ConsoleBeliefPrinting"/>
<Entity CodeFileURI="file:/home/rhys/workspace/AOPD-Ass1/src/rmit/ai/clima/jackagt/plans/ReportCellChangeToGUI.plan" ID="79105" name="ReportCellChangeToGUI"/>
<Entity CodeFileURI="file:/home/rhys/workspace/AOPD-Ass1/src/rmit/ai/clima/jackagt/plans/AuthenticateToServer.plan" ID="41473" name="AuthenticateToServer"/>
<Entity CodeFileURI="file:/home/rhys/workspace/AOPD-Ass1/src/rmit/ai/clima/jackagt/plans/HandlePercept.plan" ID="76801" name="HandlePercept"/>
<Entity DataFields="int noGold" DataType="NumCarryingGold" ID="27905" name="bel_numCarryingGold"/>
<Entity CodeFileURI="file:/home/rhys/workspace/AOPD-Ass1/src/rmit/ai/clima/jackagt/plans/Coord_EndSimulation.plan" ID="51969" name="Coord_EndSimulation"/>
<Entity CodeFileURI="file:/home/rhys/workspace/AOPD-Ass1/src/rmit/ai/clima/jackagt/plans/MoveRandomly.plan" ID="39169" name="MoveRandomly"/>
<Entity CodeFileURI="file:/home/rhys/workspace/AOPD-Ass1/src/rmit/ai/clima/jackagt/plans/Coord_InitSimulation.plan" ID="51201" name="Coord_InitSimulation"/>
<Entity DataFields="String agentName, int no, int x, int y" DataType="PlayersCurrentPositions" ID="26369" name="bel_playersCurrentPositions"/>
<Entity DataType="Semaphore" ID="24833" name="mutex_accessGUI" package="aos.jack.util.thread.Semaphore"/>
<Entity CodeFileURI="file:/home/rhys/workspace/AOPD-Ass1/src/rmit/ai/clima/jackagt/events/ECurrentPositionChange.event" ID="318209" name="ECurrentPositionChange"/>
<Entity CodeFileURI="file:/home/rhys/workspace/AOPD-Ass1/src/rmit/ai/clima/jackagt/events/EExecuteCLIMAaction.event" ID="48897" name="EExecuteCLIMAaction"/>
<Entity CodeFileURI="file:/home/rhys/workspace/AOPD-Ass1/src/rmit/ai/clima/jackagt/plans/GUIInitiate.plan" ID="60929" name="GUIInitiate"/>
</JACKCodeRoot>